[
    {
      "condition": "minecraft:inverted",
      "term": {
        "condition": "minecraft:entity_properties",
        "entity": "this",
        "predicate": {
          "location": {
            "block": {
              "nbt": "{Items:[{tag:{ui:1b}}]}"
            }
          }
        }
      }
    },
    {
      "condition": "minecraft:entity_properties",
      "entity": "this",
      "predicate": {
        "location": {
          "block": {
            "nbt": "{Items:[{Slot:13b}]}"
          }
        }
      }
    }
  ]
  