[
  {
    "function": "minecraft:set_count",
    "count": 1
  },
  {
    "function": "minecraft:set_lore",
    "entity": "this",
    "lore": [
      [
        {
          "text": "現在入ってる数：",
          "color": "white",
          "italic": false
        },
        {
          "score": {
            "name": "@s",
            "objective": "h_storage_cnt"
          },
          "color": "gold",
          "bold": true,
          "italic": false
        },
        {
          "text": "個",
          "color": "white",
          "italic": false
        }
      ]
    ],
    "replace": true
  }
]
