{
    "pools": [
      {
        "rolls": 1,
        "entries": [
          {
            "type": "minecraft:item",
            "name": "minecraft:silverfish_spawn_egg",
            "functions": [
              {
                "function": "minecraft:set_name",
                "entity": "this",
                "name": {
                  "text": "蜂式チェスト",
                  "color": "white",
                  "italic": false
                }
              },
              {
                "function": "minecraft:set_nbt",
                "tag": "{CustomModelData:831}"
              }
            ]
          }
        ]
      }
    ]
  }
  